-- schema.sql
-- Drop tables if they exist
DROP TABLE IF EXISTS favorites CASCADE;
DROP TABLE IF EXISTS audit_logs CASCADE;
DROP TABLE IF EXISTS reviews CASCADE;
DROP TABLE IF EXISTS bookings CASCADE;
DROP TABLE IF EXISTS coupons CASCADE;
DROP TABLE IF EXISTS rooms CASCADE;
DROP TABLE IF EXISTS hotels CASCADE;
DROP TABLE IF EXISTS users CASCADE;
DROP TABLE IF EXISTS system_users CASCADE;
DROP TABLE IF EXISTS config CASCADE;

-- Create tables
CREATE TABLE hotels (
    id VARCHAR(100) PRIMARY KEY,
    name TEXT NOT NULL,
    location TEXT,
    district TEXT,
    category TEXT,
    rating NUMERIC(3, 2) DEFAULT 4.5,
    reviews_count INTEGER DEFAULT 0,
    price INTEGER DEFAULT 0,
    tax INTEGER DEFAULT 0,
    image TEXT,
    images JSONB DEFAULT '[]'::jsonb,
    map_url TEXT DEFAULT '',
    whatsapp TEXT,
    distance TEXT,
    badge TEXT,
    description TEXT,
    amenities JSONB DEFAULT '[]'::jsonb,
    highlights JSONB DEFAULT '[]'::jsonb,
    details JSONB DEFAULT '{}'::jsonb,
    nearby JSONB DEFAULT '[]'::jsonb,
    featured BOOLEAN DEFAULT false,
    trending BOOLEAN DEFAULT false,
    status TEXT DEFAULT 'active',
    created_at TIMESTAMP WITH TIME ZONE DEFAULT CURRENT_TIMESTAMP
);

CREATE TABLE rooms (
    id VARCHAR(100) PRIMARY KEY,
    hotel_id VARCHAR(100) REFERENCES hotels(id) ON DELETE CASCADE,
    hotel_name TEXT,
    room_number TEXT,
    type TEXT,
    capacity INTEGER DEFAULT 2,
    price INTEGER DEFAULT 0,
    beds INTEGER DEFAULT 1,
    availability TEXT DEFAULT 'available',
    amenities JSONB DEFAULT '[]'::jsonb,
    inventory INTEGER DEFAULT 1
);

CREATE TABLE coupons (
    code VARCHAR(50) PRIMARY KEY,
    discount_percent INTEGER DEFAULT 0,
    expiry_date DATE,
    usage_limit INTEGER DEFAULT 100,
    usage_count INTEGER DEFAULT 0,
    min_booking_amount INTEGER DEFAULT 0,
    status TEXT DEFAULT 'active'
);

CREATE TABLE users (
    uid VARCHAR(100) PRIMARY KEY,
    name TEXT,
    email TEXT UNIQUE NOT NULL,
    phone TEXT,
    photo_url TEXT,
    role TEXT DEFAULT 'user',
    password TEXT,
    created_at TEXT
);

CREATE TABLE bookings (
    booking_id VARCHAR(100) PRIMARY KEY,
    hotel_id VARCHAR(100) REFERENCES hotels(id) ON DELETE SET NULL,
    hotel_name TEXT,
    user_id TEXT,
    user_name TEXT,
    user_email TEXT,
    user_phone TEXT,
    room_type TEXT,
    check_in DATE,
    check_out DATE,
    guests TEXT,
    rooms_count INTEGER DEFAULT 1,
    total_price INTEGER DEFAULT 0,
    status TEXT DEFAULT 'pending',
    created_at TIMESTAMP WITH TIME ZONE DEFAULT CURRENT_TIMESTAMP
);

CREATE TABLE reviews (
    review_id VARCHAR(100) PRIMARY KEY,
    hotel_id VARCHAR(100) REFERENCES hotels(id) ON DELETE CASCADE,
    hotel_name TEXT,
    user_id TEXT,
    user_name TEXT,
    user_photo TEXT,
    rating INTEGER DEFAULT 5,
    comment TEXT,
    reply_text TEXT DEFAULT '',
    status TEXT DEFAULT 'pending',
    created_at TIMESTAMP WITH TIME ZONE DEFAULT CURRENT_TIMESTAMP
);

CREATE TABLE audit_logs (
    log_id VARCHAR(100) PRIMARY KEY,
    operator_id TEXT,
    operator_email TEXT,
    action TEXT,
    target_type TEXT,
    target_id TEXT,
    previous_value TEXT,
    new_value TEXT,
    timestamp TIMESTAMP WITH TIME ZONE DEFAULT CURRENT_TIMESTAMP
);

CREATE TABLE system_users (
    id VARCHAR(100) PRIMARY KEY,
    email TEXT UNIQUE NOT NULL,
    name TEXT,
    role TEXT,
    permissions TEXT,
    status TEXT DEFAULT 'Active'
);

CREATE TABLE favorites (
    id VARCHAR(200) PRIMARY KEY,
    user_id TEXT NOT NULL,
    hotel_id VARCHAR(100) REFERENCES hotels(id) ON DELETE CASCADE,
    created_at TIMESTAMP WITH TIME ZONE DEFAULT CURRENT_TIMESTAMP
);

CREATE TABLE config (
    key VARCHAR(100) PRIMARY KEY,
    value JSONB NOT NULL
);


-- ─── Sample Hotels Seed Data ───────────────────────────────────────────────
-- 20 Real Curated Kerala Hotels
INSERT INTO hotels (id, name, location, district, category, rating, reviews_count, price, tax, image, map_url, whatsapp, distance, badge, description, amenities, highlights, details, nearby, featured, trending, status) VALUES
('hotel-001','Kumarakom Lake Resort','Kumarakom, Kottayam','Kottayam','Luxury Resorts',4.9,1284,22000,18,'/assets/hotels/hotel-001/main.webp','https://maps.app.goo.gl/PzB6x1GzZq47m8rC8','914812524900','150 km from Kochi','Top Rated','A breathtaking luxury resort on the banks of Vembanad Lake.','["Swimming Pool","Spa & Wellness","Backwater Cruise","Restaurant","Bar","Yoga Center","Ayurveda","Free WiFi","AC Rooms","Room Service"]','["Heritage villas on water","Private pool villas available","Sunset boat cruises","Award-winning Ayurveda spa"]','{"checkIn":"2:00 PM","checkOut":"12:00 PM","breakfast":"Included","cancellation":"Free cancellation 48 hours before check-in","phone":"+91 481 252 4900","email":"reservations@kumarakomlakeresort.in","imageAlt":"Kumarakom Lake Resort heritage water villas and lakefront pool","roomAlts":["Kumarakom Lake Resort premium villa interior","Kumarakom Lake Resort bathroom layout"]}'::jsonb,'["Vembanad Lake","Kumarakom Bird Sanctuary","Bay Island Driftwood Museum"]'::jsonb,true,true,'active'),
('hotel-002','Taj Malabar Resort & Spa, Cochin','Willingdon Island, Kochi','Ernakulam','Luxury Resorts',4.8,2156,14200,18,'/assets/hotels/hotel-taj-malabar-cochin/main.webp','https://maps.app.goo.gl/uX3WUikcVofabs3QA','914846643000','5 km from Kochi City Centre','Luxury','Positioned on Willingdon Island overlooking the Arabian Sea.','["Sea View Rooms","Infinity Pool","Spa","Multiple Restaurants","Bar","Fitness Center","Tennis Court","Free WiFi","Concierge","Airport Transfer"]','["Harbour view rooms","Heritage building","Fine dining restaurants","Marina adjacent"]','{"checkIn":"3:00 PM","checkOut":"12:00 PM","breakfast":"Available","cancellation":"Free cancellation 24 hours before check-in","phone":"+91 484 664 3000","email":"malabar.cochin@tajhotels.com","imageAlt":"Taj Malabar Resort & Spa Cochin heritage resort exterior overlooking Arabian Sea","roomAlts":["Taj Malabar Cochin bedroom gallery","Taj Malabar resort pool deck"]}'::jsonb,'["Fort Kochi","Chinese Fishing Nets","Mattancherry Palace","Jew Town"]'::jsonb,true,false,'active'),
('hotel-003','Spice Village CGH Earth, Thekkady','Thekkady, Idukki','Idukki','Homestays',4.7,876,12500,12,'/assets/hotels/hotel-003/main.webp','https://maps.app.goo.gl/g69fVshgR2pGgS6p9','914869224514','4 km from Periyar Wildlife Sanctuary','Eco Stay','Award-winning eco-resort featuring traditional Kerala cottages amid spice plantations.','["Spice Plantation Walk","Ayurveda Treatments","Campfire","Restaurant","Yoga","Wildlife Safaris","Cultural Shows","Free WiFi"]','["Spice plantation walks","Periyar Tiger Reserve nearby","Authentic Kerala cuisine","Eco-certified property"]','{"checkIn":"1:00 PM","checkOut":"11:00 AM","breakfast":"Included","cancellation":"Free cancellation 72 hours before check-in","phone":"+91 4869 224514","email":"spicevillage@cghearth.com","imageAlt":"Spice Village CGH Earth eco cottages surrounded by organic plantations","roomAlts":["Spice Village traditional wood cottage bedroom","Spice Village organic farm paths"]}'::jsonb,'["Periyar Tiger Reserve","Kumily Spice Market","Mangaladevi Temple"]'::jsonb,true,true,'active'),
('hotel-004','Lakes & Lagoons Houseboat Alleppey','Punnamada Lake, Alappuzha','Alappuzha','Houseboats',4.6,543,11500,12,'/assets/hotels/hotel-004/main.webp','https://maps.app.goo.gl/hGzNgr3GvY7uXz7z7','914772230922','3 km from Alappuzha Town','Backwaters','A luxury AC houseboat cruising the serene backwaters of Alleppey.','["AC Bedrooms","Sun Deck","Private Crew","Full Board Meals","Village Tour","Canoe Ride","Fishing","Sunset Cruise"]','["2-bedroom luxury houseboat","Cruising the Vembanad Lake","All meals included","Village and paddy field views"]','{"checkIn":"12:00 PM","checkOut":"9:00 AM","breakfast":"Included (Full Board)","cancellation":"Free cancellation 48 hours before check-in","phone":"+91 477 223 0922","email":"info@lakeslagoons.com","imageAlt":"Lakes & Lagoons luxury houseboat cruising Punnamada Lake Alappuzha","roomAlts":["Lakes & Lagoons houseboat bedroom cabin","Lakes & Lagoons houseboat front deck"]}'::jsonb,'["Alappuzha Beach","Krishnapuram Palace","Marari Beach"]'::jsonb,true,true,'active'),
('hotel-005','Elixir Hills Suites Resort, Munnar','Mankulam, Munnar','Idukki','Hill Station Hotels',4.9,712,9800,12,'/assets/hotels/hotel-elixir-hills/main.webp','https://maps.app.goo.gl/G6qWdYhHnJtzt3tZ9','919495000523','8 km from Munnar Town','Scenic View','Perched at 5,000 feet above sea level with panoramic tea plantation views.','["Tea Plantation View","Fireplace","Restaurant","Tea Factory Visit","Trekking","Bird Watching","Free WiFi","Bonfire"]','["360 degree tea garden views","Tea factory guided tour","Cool climate year-round","Trekking trails nearby"]','{"checkIn":"2:00 PM","checkOut":"11:00 AM","breakfast":"Included","cancellation":"Free cancellation 48 hours before check-in","phone":"+91 94950 00523","email":"reservations@elixirhills.com","imageAlt":"Elixir Hills Suites Resort infinity pool hanging over the Munnar forest valley","roomAlts":["Elixir Hills guest suite living room","Elixir Hills luxury bedroom with private forest balcony"]}'::jsonb,'["Eravikulam National Park","Mattupetty Dam","Anamudi Peak","Photo Point"]'::jsonb,false,true,'active'),
('hotel-006','The Gateway Hotel Varkala','North Cliff, Varkala','Thiruvananthapuram','Beach Resorts',4.4,634,11000,12,'/assets/hotels/hotel-006/main.webp','https://maps.app.goo.gl/BThh2T2nZ117G8yT8','914702773000','51 km from Thiruvananthapuram','Beachfront','Dramatic clifftop location with stunning views of the Arabian Sea.','["Cliffside Restaurant","Beach Access","Yoga Classes","Surfing Lessons","Infinity Pool","Spa","Free WiFi","Bonfire"]','["Cliff-edge sea views","Natural mineral spring on beach","Surfer-friendly beach","Authentic local restaurants nearby"]','{"checkIn":"2:00 PM","checkOut":"11:00 AM","breakfast":"Available","cancellation":"Free cancellation 24 hours before check-in","phone":"+91 470 277 3000","email":"gateway.varkala@tajhotels.com","imageAlt":"The Gateway Hotel Taj Varkala clifftop garden layout and sea view","roomAlts":["The Gateway Hotel Varkala guest room sea view","The Gateway Hotel Varkala ocean pool area"]}'::jsonb,'["Varkala Beach","Janardhana Swami Temple","Black Beach","Sivagiri Mutt"]'::jsonb,false,false,'active'),
('hotel-007','Vythiri Resort Wayanad','Vythiri, Wayanad','Wayanad','Homestays',4.8,421,16500,12,'/assets/hotels/hotel-007/main.webp','https://maps.app.goo.gl/zB33XzhhR2zP9z8y9','914936256356','15 km from Kalpetta','Nature Retreat','Extraordinary treehouse and jungle resort in the Wayanad rainforest.','["Treehouse Stay","Rope Bridges","Nature Walks","Tribal Village Tour","Waterfall Trek","Bird Watching","Campfire","Organic Meals"]','["90-foot high treehouse","Rope bridge adventures","Ancient tribal heritage tours","Banasura Sagar Dam nearby"]','{"checkIn":"1:00 PM","checkOut":"11:00 AM","breakfast":"Included","cancellation":"Free cancellation 48 hours before check-in","phone":"+91 4936 256356","email":"info@vythiriresort.com","imageAlt":"Vythiri Resort Wayanad treehouse and bridge deck inside dense rainforest","roomAlts":["Vythiri Resort rustic forest guest room","Vythiri Resort swimming stream"]}'::jsonb,'["Chembra Peak","Banasura Sagar Dam","Edakkal Caves","Soochippara Waterfall"]'::jsonb,true,true,'active'),
('hotel-008','The Leela Kovalam, A Raviz Hotel','Lighthouse Beach, Kovalam','Thiruvananthapuram','Beach Resorts',4.8,987,18500,18,'/assets/hotels/hotel-008/main.webp','https://maps.app.goo.gl/6pZ7tXzZ9z3z7y6b9','914713051234','16 km from Thiruvananthapuram Airport','Beachfront','India''s premier beachside resort overlooks the famous crescent-shaped Lighthouse Beach.','["Private Beach","Infinity Pool","Ayurveda Center","Multi-cuisine Restaurant","Bar","Water Sports","Spa","Free WiFi","Fitness Center"]','["Crescent-shaped lighthouse beach","Lighthouse view from property","Award-winning Ayurveda treatments","Fresh catch seafood daily"]','{"checkIn":"2:00 PM","checkOut":"12:00 PM","breakfast":"Included","cancellation":"Free cancellation 48 hours before check-in","phone":"+91 471 305 1234","email":"reservations.kovalam@theleela.com","imageAlt":"The Leela Kovalam clifftop resort exterior overlooking Lighthouse Beach","roomAlts":["The Leela Kovalam ocean view suite room","The Leela Kovalam sky pool deck"]}'::jsonb,'["Kovalam Lighthouse","Vizhinjam Rock Cut Cave","Halcyon Castle","Padmanabhaswamy Temple"]'::jsonb,false,true,'active'),
('hotel-009','Fort House Hotel Kochi','Fort Kochi, Ernakulam','Ernakulam','Business Hotels',4.5,823,4800,12,'/assets/hotels/hotel-009/main.webp','https://maps.app.goo.gl/YVp9zxhR2zP7z9y9','914842216500','1 km from Fort Kochi','Heritage','A charming heritage boutique hotel in the heart of historic Fort Kochi.','["Waterfront Dining","Heritage Tours","Boat Jetty","Conference Room","Free WiFi","Cycling Tours","Cultural Activities","AC Rooms"]','["Colonial Dutch architecture","Chinese fishing nets walk away","Waterfront restaurant","Antique Kochi museum next door"]','{"checkIn":"2:00 PM","checkOut":"11:00 AM","breakfast":"Included","cancellation":"Free cancellation 24 hours before check-in","phone":"+91 484 221 6500","email":"info@fothousekochi.in","imageAlt":"Fort House Hotel Kochi courtyard restaurant overlooking the harbor channel","roomAlts":["Fort House Hotel heritage bedroom interior","Fort House Hotel wooden jetty deck"]}'::jsonb,'["Chinese Fishing Nets","St. Francis Church","Mattancherry Palace","Paradesi Synagogue"]'::jsonb,false,false,'active'),
('hotel-010','Hyatt Regency Thrissur','Sakthan Nagar, Thrissur','Thrissur','Business Hotels',4.6,512,7500,12,'/assets/hotels/hotel-010/main.webp','https://maps.app.goo.gl/kXzZ9z9z9z9z9z9z9','914872701234','1 km from Thrissur City Center','City Center','A modern business hotel in the cultural capital of Kerala, Thrissur.','["Conference Halls","Restaurant","Bar","Room Service","Free WiFi","Parking","Laundry","AC Rooms","Business Center"]','["Thrissur Pooram festival hub","Near Vadakkumnathan Temple","Shopping district walking distance","Best Kerala sadya restaurant onsite"]','{"checkIn":"2:00 PM","checkOut":"12:00 PM","breakfast":"Available","cancellation":"Free cancellation 24 hours before check-in","phone":"+91 487 270 1234","email":"thrissur.regency@hyatt.com","imageAlt":"Hyatt Regency Thrissur luxury hotel exterior and swimming pool deck","roomAlts":["Hyatt Regency Thrissur guest room interior","Hyatt Regency Thrissur lobby foyer"]}'::jsonb,'["Vadakkumnathan Temple","Thrissur Zoo","Archaeological Museum","Shakthan Thampuran Palace"]'::jsonb,false,false,'active'),
('hotel-011','Kalari Kovilakom Palace CGH Earth','Kollengode, Palakkad','Palakkad','Luxury Resorts',4.9,298,22000,18,'/assets/hotels/hotel-011/main.webp','https://maps.app.goo.gl/h1zNgr3GvY7uXz7z7','914923263255','75 km from Coimbatore Airport','Palace Stay','A 19th-century royal palace converted into an exclusive Ayurveda retreat.','["Ayurveda Palace","Doctor Consultation","Panchakarma","Yoga Hall","Meditation Garden","Organic Meals","Heritage Library","Nature Walks"]','["19th-century royal palace","Personalized Ayurveda programs","Resident Ayurvedic doctors","Organic farm-to-table meals"]','{"checkIn":"3:00 PM","checkOut":"11:00 AM","breakfast":"Included (Full Board)","cancellation":"Non-refundable","phone":"+91 4923 263255","email":"kalarikovilakom@cghearth.com","imageAlt":"Kalari Kovilakom Palace traditional royal tharavad palace facade in Palakkad","roomAlts":["Kalari Kovilakom heritage palace suite","Kalari Kovilakom yoga deck"]}'::jsonb,'["Kollengode Palace Gardens","Silent Valley National Park","Malampuzha Dam","Nelliyampathy Hills"]'::jsonb,true,false,'active'),
('hotel-012','Marari Beach Resort CGH Earth','Mararikulam, Alappuzha','Alappuzha','Beach Resorts',4.8,734,15500,18,'/assets/hotels/hotel-012/main.webp','https://maps.app.goo.gl/m1zNgr3GvY7uXz7z7','914782831500','12 km from Alappuzha Town','Secluded Beach','A pristine eco-resort on one of Kerala''s most unspoiled beaches.','["Private Beach","Coconut Grove Cottages","Ayurveda Spa","Organic Garden Restaurant","Yoga","Bicycle Hire","Fishing Trips","Free WiFi"]','["Secluded fishing village beach","Traditional thatched cottages","Organic garden dining","No motor vehicles on beachfront"]','{"checkIn":"2:00 PM","checkOut":"12:00 PM","breakfast":"Included","cancellation":"Free cancellation 48 hours before check-in","phone":"+91 478 283 1500","email":"mararibeach@cghearth.com","imageAlt":"Marari Beach Resort CGH Earth thatched cottage village paths near the sea","roomAlts":["Marari Beach Resort rustic cottage room","Marari Beach Resort organic garden paths"]}'::jsonb,'["Marari Beach","Alappuzha Backwaters","St. Andrews Basilica","Krishnapuram Palace"]'::jsonb,true,true,'active'),
('hotel-013','Kairali Ayurvedic Healing Village','Palakkad, Palakkad','Palakkad','Ayurveda Resorts',4.8,567,12500,18,'/assets/hotels/hotel-013/main.webp','https://maps.app.goo.gl/k1zNgr3GvY7uXz7z7','919207703300','80 km from Coimbatore','Wellness','One of Kerala''s most acclaimed Ayurveda resorts offering authentic Panchakarma treatments.','["Panchakarma Center","Doctor Consultation","Yoga Hall","Meditation Garden","Organic Meals","Herbal Pool","Nature Walks","Library","Ayurveda Pharmacy"]','["Authentic Panchakarma programs","50-acre healing campus","Resident Ayurvedic doctors","Organic herb garden","Forest meditation trails"]','{"checkIn":"2:00 PM","checkOut":"11:00 AM","breakfast":"Included (Full Board)","cancellation":"72 hours free cancellation","phone":"+91 92077 03300","email":"info@kairali.com","imageAlt":"Kairali Ayurvedic Healing Village forest meditation gardens and cottages","roomAlts":["Kairali Healing Village guest cottage interior","Kairali Healing Village Ayurveda spa room"]}'::jsonb,'["Silent Valley National Park","Malampuzha Dam","Nelliyampathy Hills","Dhoni Waterfalls"]'::jsonb,true,true,'active'),
('hotel-014','Bamboo Grove Anakkara','Thekkady, Idukki','Idukki','Eco Lodges',4.7,342,4800,12,'/assets/hotels/hotel-014/main.webp','https://maps.app.goo.gl/b1zNgr3GvY7uXz7z7','914869224505','22 km from Kumily','Eco Certified','A zero-plastic, solar-powered eco lodge hidden in a bamboo forest.','["Solar Power","Bamboo Cottages","Organic Farm","Nature Walks","Bird Watching","Tribal Tours","Campfire","Organic Meals","Bicycle Hire"]','["Zero-plastic certified property","Solar-powered bamboo cottages","Organic permaculture farm","Tribal village cultural tours","Rare bird species sightings"]','{"checkIn":"1:00 PM","checkOut":"11:00 AM","breakfast":"Included","cancellation":"48 hours free cancellation","phone":"+91 4869 224505","email":"bamboogrove@cghearth.com","imageAlt":"Bamboo Grove Anakkara bamboo cottages and forest trails","roomAlts":["Bamboo Grove rustic bamboo bedroom","Bamboo Grove outdoor dining deck"]}'::jsonb,'["Chembra Peak","Soochippara Waterfall","Edakkal Caves","Banasura Sagar Dam"]'::jsonb,false,true,'active'),
('hotel-015','Vythiri Treehouse Resort','Vythiri, Wayanad','Wayanad','Treehouse Stays',4.9,218,14500,12,'/assets/hotels/hotel-015/main.webp','https://maps.app.goo.gl/v1zNgr3GvY7uXz7z7','914936256350','5 km from Vythiri Town','Unique Stay','Spectacular treehouses built on giant jackfruit and teak trees at 60-80 feet height.','["Treehouse Rooms","Rope Bridges","Wildlife Safaris","Night Jungle Walks","Bonfire","Organic Meals","Bird Watching","Swimming Hole","Canoe Ride"]','["60-80 ft high treehouses","Wild elephant sightings daily","Rope bridge forest walk","Periyar boat safari nearby","Private forest reserve"]','{"checkIn":"1:00 PM","checkOut":"11:00 AM","breakfast":"Included","cancellation":"72 hours free cancellation","phone":"+91 4936 256350","email":"treehouse@vythiriresort.com","imageAlt":"Vythiri Treehouse Resort elevated canopy wooden deck inside jungle","roomAlts":["Vythiri Treehouse wooden bedroom cabin","Vythiri Treehouse rope bridge access path"]}'::jsonb,'["Chembra Peak","Banasura Sagar Dam","Edakkal Caves","Soochippara Waterfall"]'::jsonb,true,true,'active'),
('hotel-016','Chittoor Kottaram CGH Earth','Chittoor, Ernakulam','Ernakulam','Heritage Hotels',4.9,445,24000,12,'/assets/hotels/hotel-016/main.webp','https://maps.app.goo.gl/c1zNgr3GvY7uXz7z7','914842215461','8 km from Kochi Airport','Royal Palace','A single-key heritage palace offering guests an exclusive royal retreat.','["Heritage Architecture","Rooftop Restaurant","Antique Library","Heritage Tours","Cooking Classes","Spice Garden","Cultural Shows","Free WiFi","AC Rooms"]','["Exclusive royal palace stay","Original Cochin murals","Personal chef and boatman","Royal temple paths walk"]','{"checkIn":"2:00 PM","checkOut":"12:00 PM","breakfast":"Included","cancellation":"24 hours free cancellation","phone":"+91 484 221 5461","email":"chittoorkottaram@cghearth.com","imageAlt":"Chittoor Kottaram CGH Earth majestic royal palace lawns on Kochi backwaters","roomAlts":["Chittoor Kottaram royal suite bedroom","Chittoor Kottaram private dining pavilion"]}'::jsonb,'["Mattancherry Palace","Paradesi Synagogue","Jew Town","Chinese Fishing Nets","Spice Market"]'::jsonb,false,false,'active'),
('hotel-017','Jungle Bay Resort Wayanad','Sultan Bathery, Wayanad','Wayanad','Wildlife Resorts',4.7,289,8500,12,'/assets/hotels/hotel-017/main.webp','https://maps.app.goo.gl/j1zNgr3GvY7uXz7z7','919562700050','4 km from Wayanad Sanctuary','Wildlife','Jungle-edge suites on the fringes of Wayanad Wildlife Sanctuary.','["Jeep Safari","Elephant Watching","Bird Watching","Nature Trails","Campfire","Restaurant","Free WiFi","Naturalist Guide","Watchtower"]','["Daily elephant herd sightings","Tiger and leopard territory","Dawn and dusk jeep safaris","Expert naturalist guides","Wayanad Wildlife Sanctuary access"]','{"checkIn":"2:00 PM","checkOut":"11:00 AM","breakfast":"Included","cancellation":"48 hours free cancellation","phone":"+91 95627 00050","email":"reservations@junglebay.in","imageAlt":"Jungle Bay Resort Wayanad forest villas and pool overlooking jungle trees","roomAlts":["Jungle Bay Resort guest villa bedroom","Jungle Bay Resort watchtower view deck"]}'::jsonb,'["Muthanga Wildlife Sanctuary","Edakkal Caves","Banasura Sagar Dam","Thirunelli Temple"]'::jsonb,false,true,'active'),
('hotel-018','Clafouti Heritage Beach Resort','North Cliff, Varkala','Thiruvananthapuram','Couple Retreats',4.6,376,4500,12,'/assets/hotels/hotel-018/main.webp','https://maps.app.goo.gl/cf1zNgr3GvY7uXz7z7','914702773522','53 km from Thiruvananthapuram','Cliffside Beach','Romantic wooden cliff-view cottages with beachfront dining.','["Private Plunge Pool","Couples Spa","Sunset Dining","Champagne Welcome","Honeymoon Package","Candlelight Dinners","Cliff View Rooms","Beach Access","Yoga"]','["Private plunge pool in every villa","Exclusive couples-only property","Cliff-edge sunset dinner","Personalized honeymoon packages","Couples Ayurveda treatments"]','{"checkIn":"2:00 PM","checkOut":"12:00 PM","breakfast":"Included","cancellation":"48 hours free cancellation","phone":"+91 470 277 3522","email":"clafoutiresort@gmail.com","imageAlt":"Clafouti Heritage Beach Resort cliffside wooden cabins facing the ocean in Varkala","roomAlts":["Clafouti Heritage guest wooden bedroom cabin","Clafouti Heritage sunset seaside dining"]}'::jsonb,'["Varkala Beach","Janardhana Swami Temple","Natural Spring","Sivagiri Mutt"]'::jsonb,true,true,'active'),
('hotel-019','Sopanam Heritage Guruvayur','Guruvayur, Thrissur','Thrissur','Pilgrimage Stays',4.4,821,2800,5,'/assets/hotels/hotel-019/main.webp','https://maps.app.goo.gl/s1zNgr3GvY7uXz7z7','914872555244','0.5 km from Guruvayur Temple','Temple View','A comfortable pilgrimage hotel situated steps away from the Guruvayur temple gates.','["Pure Veg Restaurant","Temple Darshan Package","Prayer Hall","Meditation Room","AC Rooms","Free Parking","Luggage Storage","Wake-up Call Service"]','["200m from Guruvayur Temple","Early morning darshan packages","Pure vegetarian meals","Elephant sanctuary nearby","Spiritual retreat programs"]','{"checkIn":"12:00 PM","checkOut":"10:00 AM","breakfast":"Included","cancellation":"24 hours free cancellation","phone":"+91 487 2555244","email":"sopanamheritage@yahoo.com","imageAlt":"Sopanam Heritage Guruvayur hotel facade and vegetarian restaurant entrance","roomAlts":["Sopanam Heritage guest room interior","Sopanam Heritage temple assembly hall"]}'::jsonb,'["Guruvayur Sri Krishna Temple","Punnathur Kotta Elephant Sanctuary","Chavakkad Beach","Thrissur City"]'::jsonb,false,false,'active'),
('hotel-020','Zostel Kochi Fort Kochi','Fort Kochi, Ernakulam','Ernakulam','Backpacker Hostels',4.6,934,950,5,'/assets/hotels/hotel-020/main.webp','https://maps.app.goo.gl/z1zNgr3GvY7uXz7z7','914842215233','0.5 km from Chinese Fishing Nets','Backpackers','Vibrant backpacker hostel steps away from Chinese Fishing Nets.','["Dorm Beds","Private Rooms","Rooftop Café","Free WiFi","Bicycle Hire","Common Kitchen","Locker Storage","Tour Desk","Laundry","Cultural Nights"]','["Walking distance to Chinese fishing nets","Free bicycle hire","Weekly Kerala cooking class","Vibrant social common area","Cheapest quality stay in Fort Kochi"]','{"checkIn":"12:00 PM","checkOut":"11:00 AM","breakfast":"Available","cancellation":"24 hours free cancellation","phone":"+91 484 221 5233","email":"kochi@zostel.com","imageAlt":"Zostel Kochi Fort Kochi social lounge and wall art area","roomAlts":["Zostel Kochi clean multi-bed dorm layout","Zostel Kochi rooftop cafe lounge"]}'::jsonb,'["Chinese Fishing Nets","Mattancherry Palace","Paradesi Synagogue","Fort Kochi Beach"]'::jsonb,false,true,'active')
ON CONFLICT (id) DO NOTHING;

-- Premium and Additional Premium Hotels Insert
INSERT INTO hotels (id, name, location, district, category, rating, reviews_count, price, tax, image, map_url, whatsapp, distance, badge, description, amenities, highlights, details, nearby, featured, trending, status) VALUES
('hotel-grand-hyatt-kochi','Grand Hyatt Kochi Bolgatty','Mulavukad, Kochi, Ernakulam','Ernakulam','Luxury Resorts',4.9,1542,12600,18,'/assets/hotels/hotel-grand-hyatt-kochi/main.webp','https://maps.app.goo.gl/CZEvnNYH5zk2Zt5R6','914842661234','3 km from Kochi City Centre','Waterfront','Grand Hyatt Kochi Bolgatty is a waterfront luxury resort overlooking Vembanad Lake on Bolgatty Island.','["Swimming Pool","Spa & Wellness","Backwater Cruise","Helipad","Waterfront Dining","AC Rooms","Free WiFi","Minibar","Gym","Business Center","Bar"]','["Spectacular lakefront pool","Waterfront dining choices","Private boat jetty access","Helipad on property"]','{"checkIn":"2:00 PM","checkOut":"12:00 PM","breakfast":"Included","cancellation":"Free cancellation 48 hours before check-in","phone":"+91 484 266 1234","email":"kochi.bolgatty@hyatt.com","imageAlt":"Grand Hyatt Kochi Bolgatty exterior luxury island resort on Vembanad Lake","roomAlts":["Grand Hyatt Kochi premium suite guest room","Grand Hyatt Kochi lakefront pool deck"]}'::jsonb,'["Bolgatty Palace (0.5 km)","Lulu Mall Kochi (8 km)","Fort Kochi (12 km)"]'::jsonb,true,true,'active'),
('hotel-crowne-plaza-kochi','Crowne Plaza Kochi','Maradu, Kundanoor Junction, Kochi','Ernakulam','Business Hotels',4.7,1128,6800,12,'/assets/hotels/hotel-crowne-plaza-kochi/main.webp','https://maps.app.goo.gl/WJYrNv8U4UDWp8QP8','914847115000','8 km from Fort Kochi','City Luxury','Crowne Plaza Kochi is a premium business luxury hotel situated at Maradu Kundanoor Junction with easy highway accessibility.','["Swimming Pool","Business Center","Fitness Center","Spa & Wellness","Multi-cuisine Dining","Bar","Free WiFi","AC Rooms","Room Service","Concierge"]','["Excellent business amenities","Highway access location","Multiple specialty restaurants","Lakeside views from rooms"]','{"checkIn":"2:00 PM","checkOut":"12:00 PM","breakfast":"Available","cancellation":"Free cancellation 24 hours before check-in","phone":"+91 484 711 5000","email":"reservations@cpkochi.com","imageAlt":"Crowne Plaza Kochi main pool and exterior building at Maradu Kundanoor Junction","roomAlts":["Crowne Plaza Kochi modern executive bedroom","Crowne Plaza Kochi conference meeting hall"]}'::jsonb,'["Lulu Mall Kochi (10 km)","Fort Kochi (12 km)","Marine Drive Kochi (7 km)"]'::jsonb,true,false,'active'),
('hotel-taj-malabar-cochin','Taj Malabar Resort & Spa, Cochin','Willingdon Island, Kochi','Ernakulam','Luxury Resorts',4.8,2156,14200,18,'/assets/hotels/hotel-taj-malabar-cochin/main.webp','https://maps.app.goo.gl/uX3WUikcVofabs3QA','914846643000','5 km from Kochi City Centre','Luxury','Positioned on Willingdon Island overlooking the Arabian Sea.','["Sea View Rooms","Infinity Pool","Spa","Multiple Restaurants","Bar","Fitness Center","Tennis Court","Free WiFi","Concierge","Airport Transfer"]','["Harbour view rooms","Heritage building","Fine dining restaurants","Marina adjacent"]','{"checkIn":"3:00 PM","checkOut":"12:00 PM","breakfast":"Available","cancellation":"Free cancellation 24 hours before check-in","phone":"+91 484 664 3000","email":"malabar.cochin@tajhotels.com","imageAlt":"Taj Malabar Resort & Spa Cochin heritage resort exterior overlooking Arabian Sea","roomAlts":["Taj Malabar Cochin bedroom gallery","Taj Malabar resort pool deck"]}'::jsonb,'["Fort Kochi","Chinese Fishing Nets","Mattancherry Palace","Jew Town"]'::jsonb,true,false,'active'),
('hotel-postcard-mandalay-hall','The Postcard Mandalay Hall','Calvathy Road, Fort Kochi, Kochi','Ernakulam','Luxury Resorts',4.9,423,17500,18,'/assets/hotels/hotel-postcard-mandalay-hall/main.webp','https://maps.app.goo.gl/iqeVTHrDZYak1V8H8','917999555222','0.5 km from Fort Kochi Ferry','Boutique','An ultra-luxury boutique art hotel set inside a restored 1800s heritage Jewish quarters building.','["Fine Dining","Art Gallery","AC Rooms","Free WiFi","Personal Butler","Airport Pick-up","Custom Amenities","Heritage Library","Tea Lounge"]','["1800s Jewish quarter heritage","Bespoke private butler service","Curated modern art collection","Award-winning chef dining"]','{"checkIn":"2:00 PM","checkOut":"12:00 PM","breakfast":"Included","cancellation":"Free cancellation 72 hours before check-in","phone":"+91 79995 55222","email":"mandalayhall@postcardresorts.com","imageAlt":"The Postcard Mandalay Hall heritage courtyard luxury boutique hotel Fort Kochi","roomAlts":["The Postcard Mandalay Hall suite gallery room","The Postcard Mandalay Hall pool lounge"]}'::jsonb,'["Chinese Fishing Nets (0.4 km)","St. Francis Church (0.6 km)","Mattancherry Spice Market (2 km)"]'::jsonb,true,true,'active'),
('hotel-gokulam-grand-kumarakom','Gokulam Grand Resort and Spa Kumarakom','Kumarakom, Kottayam','Kottayam','Luxury Resorts',4.8,924,13500,18,'/assets/hotels/hotel-gokulam-grand-kumarakom/main.webp','https://maps.app.goo.gl/wsRWo8w7UdWqF9Mk8','919288003330','12 km from Kottayam City','Backwater View','Gokulam Grand Resort and Spa Kumarakom is a premium lakeside resort offering private pool villas and backwater views.','["Swimming Pool","Spa & Wellness","Private Pools","Lakefront Restaurant","Boating","Yoga Pavilion","Free WiFi","AC Rooms","Gym"]','["Beautiful Vembanad Lake view","Luxury private pool villas","Lakefront dining experience","Authentic Ayurveda spa wellness"]','{"checkIn":"2:00 PM","checkOut":"12:00 PM","breakfast":"Included","cancellation":"Free cancellation 48 hours before check-in","phone":"+91 92880 03330","email":"reservations.ggk@gokulamhotels.com","imageAlt":"Gokulam Grand Resort and Spa Kumarakom lakeside pool and resort grounds","roomAlts":["Gokulam Grand Lake View Villa bedroom","Gokulam Grand lakefront lawn layout"]}'::jsonb,'["Kumarakom Bird Sanctuary (3 km)","Vembanad Lake","Bay Island Driftwood Museum (5 km)"]'::jsonb,true,true,'active'),
('hotel-niraamaya-backwaters-kumarakom','Niraamaya Retreats Backwaters & Beyond','Pallichira Road, Kumarakom, Kottayam','Kottayam','Ayurveda Resorts',4.9,812,13500,18,'/assets/hotels/hotel-niraamaya-backwaters-kumarakom/main.webp','https://maps.app.goo.gl/X1DHTHBN816fcK4Y7','914812527700','14 km from Kottayam City','Wellness Retreat','Niraamaya Retreats Backwaters & Beyond offers luxury wellness programs and private decks facing Vembanad Lake.','["Ayurveda Clinic","Yoga Pavilion","Infinity Pool","Lakeside Dining","Private Decks","Spa","Gym","Free WiFi","AC Rooms"]','["Award-winning Ayurveda clinic","Lakeside private wellness decks","Rainforest gardens walk","Infinity pool facing the lake"]','{"checkIn":"2:00 PM","checkOut":"12:00 PM","breakfast":"Included","cancellation":"Free cancellation 72 hours before check-in","phone":"+91 481 252 7700","email":"kumarakom@niraamaya.com","imageAlt":"Niraamaya Retreats Backwaters & Beyond Kumarakom lush gardens and wellness paths","roomAlts":["Niraamaya Retreats premium lake view bedroom","Niraamaya Retreats outdoor bath pavilion"]}'::jsonb,'["Vembanad Lake","Kumarakom Bird Sanctuary (5 km)","Bay Island Driftwood Museum (3 km)"]'::jsonb,true,true,'active'),
('hotel-rhythm-kumarakom','Rhythm Kumarakom','Kumarakom, Kottayam','Kottayam','Luxury Resorts',4.8,1034,9500,18,'/assets/hotels/hotel-rhythm-kumarakom/main.webp','https://maps.app.goo.gl/7ZgUaQq4GygSxNTw7','919072845000','15 km from Kottayam City','Boutique Resort','Rhythm Kumarakom (formerly Aveda Resorts) features Keralas longest swimming pool and poolside cottages.','["Longest Pool","Lakeside Dining","Ayurveda Spa","Poolside Cottages","Gym","Free WiFi","AC Rooms","Boating","Room Service"]','["Keralas longest swimming pool","Poolside heritage cottages","Vembanad Lake views","Intimate boutique layout"]','{"checkIn":"2:00 PM","checkOut":"11:00 AM","breakfast":"Included","cancellation":"Free cancellation 48 hours before check-in","phone":"+91 90728 45000","email":"reservations.rkm@rhythmresorts.in","imageAlt":"Rhythm Kumarakom poolside cottages and backwater resort layout","roomAlts":["Rhythm Kumarakom Poolside Cottage bedroom","Rhythm Kumarakom sunset boat jetty"]}'::jsonb,'["Kumarakom Bird Sanctuary (4 km)","Vembanad Lake","Bay Island Driftwood Museum (6 km)"]'::jsonb,true,true,'active'),
('hotel-taj-kumarakom','Taj Kumarakom Resort & Spa','Kumarakom, Kottayam','Kottayam','Luxury Resorts',4.9,2341,18500,18,'/assets/hotels/hotel-taj-kumarakom/main.webp','https://maps.app.goo.gl/L9UYzHU27enMeFpH6','914812525711','14 km from Kottayam City','Heritage Estate','Taj Kumarakom Resort & Spa is a 140-year-old heritage estate bungalow originally built by the Baker family.','["Heritage Bungalow","Pools","Ayurveda Spa","Sunset Cruises","Lakeside Dining","Fitness Center","Free WiFi","AC Rooms","Butler Service"]','["140-year-old Baker heritage bungalow","Private pool villas on lakefront","Sunset boat cruises included","Jiva Ayurveda spa retreat"]','{"checkIn":"2:00 PM","checkOut":"12:00 PM","breakfast":"Included","cancellation":"Free cancellation 48 hours before check-in","phone":"+91 481 252 5711","email":"kumarakom.resort@tajhotels.com","imageAlt":"Taj Kumarakom Resort & Spa traditional heritage estate bungalow on Vembanad Lake","roomAlts":["Taj Kumarakom lakeview luxury cottage bedroom","Taj Kumarakom Jiva Spa room"]}'::jsonb,'["Kumarakom Bird Sanctuary (1.5 km)","Vembanad Lake","Bay Island Driftwood Museum (4 km)"]'::jsonb,true,true,'active'),
('hotel-uday-backwater-alappuzha','Uday Backwater Resort','Punnamada, Alappuzha','Alappuzha','Beach Resorts',4.6,712,6500,12,'/assets/hotels/hotel-uday-backwater-alappuzha/main.webp','https://maps.app.goo.gl/S5uQXrxt5AL9QGb6A','919387217501','4 km from Alappuzha Town','Lakefront View','Uday Backwater Resort is positioned directly on Punnamada Lake, the home of the Nehru Trophy Boat Race.','["Lakeside Pool","Nehru Trophy View","Shikara Cruises","Restaurant","AC Rooms","Free WiFi","Gym","Ayurveda","Activity Room"]','["Nehru Trophy boat race track view","Lakeside pool and sun deck","Scenic shikara boat rides","Authentic Alappuzha local dining"]','{"checkIn":"2:00 PM","checkOut":"11:00 AM","breakfast":"Included","cancellation":"Free cancellation 48 hours before check-in","phone":"+91 93872 17501","email":"reservations@udaybackwater.com","imageAlt":"Uday Backwater Resort Punnamada lakefront layout with boats in Alappuzha","roomAlts":["Uday Backwater guest room balcony view","Uday Backwater Nehru Trophy view pool"]}'::jsonb,'["Punnamada Lake Nehru Track","Alappuzha Beach (6 km)","Pathiramanal Island (12 km)"]'::jsonb,true,true,'active'),
('hotel-coconut-lagoon','Coconut Lagoon CGH Earth, Kumarakom','Kumarakom, Kottayam','Kottayam','Luxury Resorts',4.8,1432,18500,18,'/assets/hotels/hotel-coconut-lagoon/main.webp','https://maps.app.goo.gl/tJ9D2tN2z67G8yT8','914812528200','14 km from Kottayam City','Eco Luxury','Coconut Lagoon is a celebrated heritage resort accessible only by boat, set in a sheltered cove on Vembanad Lake.','["Lakeside Pool","Heritage Mansions","Canal Vibe","Sunset Shikara Cruise","Butterfly Garden","Ayurveda Centre","Yoga Pavilion","Organic Farm","Bird Watching","Free WiFi","Air Conditioning","Keralan Restaurant"]','["Only accessible by boat","Restored 150-year-old tharavads","Sustainable eco-certified property","Vembanad Lake sunset cruises"]','{"checkIn":"2:00 PM","checkOut":"11:00 AM","breakfast":"Included","cancellation":"72 hours free cancellation","phone":"+91 481 252 8200","email":"coconutlagoon@cghearth.com","imageAlt":"Coconut Lagoon CGH Earth traditional lake resort on Vembanad Lake","roomAlts":["Coconut Lagoon heritage guest bungalow room layout","Coconut Lagoon natural pool deck area"]}'::jsonb,'["Kumarakom Bird Sanctuary (1.5 km)","Vembanad Lake","Bay Island Driftwood Museum (4 km)"]'::jsonb,true,true,'active'),
('hotel-fragrant-nature-munnar','Fragrant Nature Munnar','Bison Valley Road, Munnar','Idukki','Hill Station Hotels',4.7,986,8200,12,'/assets/hotels/hotel-fragrant-nature-munnar/main.webp','https://maps.app.goo.gl/g69fVshgR2pGgS6p9','914865230005','6 km from Munnar Town','Misty View','Fragrant Nature Munnar offers premium luxury rooms with fireplaces and private balconies overlooking the misty Bison Valley tea hills.','["Room Fireplace","Panoramic Spa","Bison Valley View","Glass House Café","Gym","Trekking Club","Kids Play Area","Free WiFi","Valet Parking","Laundry Service"]','["In-room fireplaces for chilly nights","Tea plantation views from all rooms","Highest fine dining deck in Munnar","Guided Bison Valley valley walks"]','{"checkIn":"2:00 PM","checkOut":"11:00 AM","breakfast":"Included","cancellation":"48 hours free cancellation","phone":"+91 4865 230 005","email":"reservations.mnr@fragrantnature.com","imageAlt":"Fragrant Nature Munnar luxury hillside resort overlooking misty tea gardens","roomAlts":["Fragrant Nature luxury suite room interior with fireplace","Fragrant Nature high-altitude deck view"]}'::jsonb,'["Munnar Tea Museum (8 km)","Eravikulam National Park (14 km)","Anamudi Peak (15 km)"]'::jsonb,true,false,'active'),
('hotel-brunton-boatyard','Brunton Boatyard CGH Earth, Fort Kochi','Calvathy Road, Fort Kochi, Kochi','Ernakulam','Heritage Hotels',4.8,1124,15500,18,'/assets/hotels/hotel-brunton-boatyard/main.webp','https://maps.app.goo.gl/W1DHTHBN816fcK4Y7','914842215461','0.8 km from Fort Kochi Beach','Heritage Luxury','Brunton Boatyard is a beautifully restored heritage hotel built on the remains of a 19th-century Victorian shipbuilding yard.','["Harbour View Pool","Historical Dining","Armory Bar","Sunset Boat Cruise","Ayurveda Centre","Bicycle Hire","Free WiFi","Air Conditioning","Heritage Library","Concierge"]','["Built on a historical 19th-century boatyard","Chinese fishing nets visible from rooms","Sunset harbour cruises included","Historic fusion culinary experiences"]','{"checkIn":"2:00 PM","checkOut":"12:00 PM","breakfast":"Included","cancellation":"72 hours free cancellation","phone":"+91 484 221 5461","email":"bruntonboatyard@cghearth.com","imageAlt":"Brunton Boatyard CGH Earth historic hotel on Fort Kochi harbour front","roomAlts":["Brunton Boatyard colonial style guest bedroom","Brunton Boatyard pool overlooking Fort Kochi harbour"]}'::jsonb,'["Chinese Fishing Nets (0.2 km)","St. Francis Church (0.4 km)","Mattancherry Spice Market (2.5 km)"]'::jsonb,true,true,'active'),
('hotel-elixir-hills','Elixir Hills Suites Resort, Munnar','Near Letchmi Estate, Mankulam, Munnar','Idukki','Luxury Resorts',4.9,854,9800,12,'/assets/hotels/hotel-elixir-hills/main.webp','https://maps.app.goo.gl/G6qWdYhHnJtzt3tZ9','919495000523','12 km from Munnar Town','Rainforest Luxury','Elixir Hills is Munnar''s largest suite-only luxury resort, hidden in the dense rainforest of Letchmi Hills.','["Large Suites Only","Infinity Forest Pool","Rainforest Trekking","Ayurveda Spa","Kids Activity Hub","Multi-cuisine Restaurant","Coffee Lounge","Free WiFi","Valet Parking","Jeep Safaris"]','["Largest luxury suites in Munnar","Surrounded by dense Letchmi rainforest","Infinity pool hanging over the jungle valley","Guided stream walks and birdwatching hikes"]','{"checkIn":"2:00 PM","checkOut":"11:00 AM","breakfast":"Included","cancellation":"48 hours free cancellation","phone":"+91 94950 00523","email":"reservations@elixirhills.com","imageAlt":"Elixir Hills Suites Resort infinity pool hanging over the Munnar forest valley","roomAlts":["Elixir Hills expansive guest suite living room","Elixir Hills luxury bedroom with private forest balcony"]}'::jsonb,'["Letchmi Hills Trekking (0.5 km)","Mankulam Elephant Watching (10 km)","Munnar Town (12 km)"]'::jsonb,true,true,'active'),
('hotel-niraamaya-kovalam','Niraamaya Retreats Surya Samudra, Kovalam','Pulinkudi, Mullur, Kovalam, Trivandrum','Thiruvananthapuram','Ayurveda Resorts',4.9,1045,16800,18,'/assets/hotels/hotel-niraamaya-kovalam/main.webp','https://maps.app.goo.gl/PzB6x1GzZq47m8rC8','914712481575','8 km from Kovalam Beach','Cliffside Luxury','Niraamaya Surya Samudra is a dramatic cliffside resort in Kovalam overlooking the Arabian Sea, featuring traditional Keralan heritage cottages.','["Cliff-edge Infinity Pool","Traditional Tharavads","Direct Beach Access","Multi-award Spa","Sea View Dining","Yoga Pavilion","Meditation Gardens","Ayurveda Programs","Free WiFi","Valet Parking"]','["Clifftop tharavad cottages overlooking sea","Infinity pool carved into cliffside rock","Direct private beach access pathways","Multi-award-winning international spa and Ayurveda programs"]','{"checkIn":"2:00 PM","checkOut":"11:00 AM","breakfast":"Included","cancellation":"72 hours free cancellation","phone":"+91 471 248 1575","email":"suryasamudra@niraamaya.com","imageAlt":"Niraamaya Retreats Surya Samudra clifftop infinity pool and Arabian Sea view in Kovalam","roomAlts":["Niraamaya Surya Samudra premium Keralan heritage cottage bedroom","Niraamaya Surya Samudra outdoor sea-view bath area"]}'::jsonb,'["Lighthouse Beach Kovalam (8 km)","Vizhinjam Rock Cut Cave (6 km)","Trivandrum Airport (22 km)"]'::jsonb,true,true,'active')
ON CONFLICT (id) DO NOTHING;

INSERT INTO rooms (id, hotel_id, hotel_name, room_number, type, capacity, price, beds, availability, amenities, inventory) VALUES
('room-hotel-001-001', 'hotel-001', 'Hotel hotel-001', '101', 'Deluxe Room', 2, 8000, 1, 'available', '["King Bed", "AC", "Free WiFi", "TV"]'::jsonb, 15),
('room-hotel-001-002', 'hotel-001', 'Hotel hotel-001', '201', 'Luxury Suite', 2, 12000, 1, 'available', '["King Bed", "Jacuzzi", "AC", "Free WiFi", "Minibar"]'::jsonb, 5),
('room-hotel-002-001', 'hotel-002', 'Hotel hotel-002', '101', 'Deluxe Room', 2, 8000, 1, 'available', '["King Bed", "AC", "Free WiFi", "TV"]'::jsonb, 15),
('room-hotel-002-002', 'hotel-002', 'Hotel hotel-002', '201', 'Luxury Suite', 2, 12000, 1, 'available', '["King Bed", "Jacuzzi", "AC", "Free WiFi", "Minibar"]'::jsonb, 5),
('room-hotel-003-001', 'hotel-003', 'Hotel hotel-003', '101', 'Deluxe Room', 2, 8000, 1, 'available', '["King Bed", "AC", "Free WiFi", "TV"]'::jsonb, 15),
('room-hotel-003-002', 'hotel-003', 'Hotel hotel-003', '201', 'Luxury Suite', 2, 12000, 1, 'available', '["King Bed", "Jacuzzi", "AC", "Free WiFi", "Minibar"]'::jsonb, 5),
('room-hotel-004-001', 'hotel-004', 'Hotel hotel-004', '101', 'Deluxe Room', 2, 8000, 1, 'available', '["King Bed", "AC", "Free WiFi", "TV"]'::jsonb, 15),
('room-hotel-004-002', 'hotel-004', 'Hotel hotel-004', '201', 'Luxury Suite', 2, 12000, 1, 'available', '["King Bed", "Jacuzzi", "AC", "Free WiFi", "Minibar"]'::jsonb, 5),
('room-hotel-005-001', 'hotel-005', 'Hotel hotel-005', '101', 'Deluxe Room', 2, 8000, 1, 'available', '["King Bed", "AC", "Free WiFi", "TV"]'::jsonb, 15),
('room-hotel-005-002', 'hotel-005', 'Hotel hotel-005', '201', 'Luxury Suite', 2, 12000, 1, 'available', '["King Bed", "Jacuzzi", "AC", "Free WiFi", "Minibar"]'::jsonb, 5),
('room-hotel-006-001', 'hotel-006', 'Hotel hotel-006', '101', 'Deluxe Room', 2, 8000, 1, 'available', '["King Bed", "AC", "Free WiFi", "TV"]'::jsonb, 15),
('room-hotel-006-002', 'hotel-006', 'Hotel hotel-006', '201', 'Luxury Suite', 2, 12000, 1, 'available', '["King Bed", "Jacuzzi", "AC", "Free WiFi", "Minibar"]'::jsonb, 5),
('room-hotel-007-001', 'hotel-007', 'Hotel hotel-007', '101', 'Deluxe Room', 2, 8000, 1, 'available', '["King Bed", "AC", "Free WiFi", "TV"]'::jsonb, 15),
('room-hotel-007-002', 'hotel-007', 'Hotel hotel-007', '201', 'Luxury Suite', 2, 12000, 1, 'available', '["King Bed", "Jacuzzi", "AC", "Free WiFi", "Minibar"]'::jsonb, 5),
('room-hotel-008-001', 'hotel-008', 'Hotel hotel-008', '101', 'Deluxe Room', 2, 8000, 1, 'available', '["King Bed", "AC", "Free WiFi", "TV"]'::jsonb, 15),
('room-hotel-008-002', 'hotel-008', 'Hotel hotel-008', '201', 'Luxury Suite', 2, 12000, 1, 'available', '["King Bed", "Jacuzzi", "AC", "Free WiFi", "Minibar"]'::jsonb, 5),
('room-hotel-009-001', 'hotel-009', 'Hotel hotel-009', '101', 'Deluxe Room', 2, 8000, 1, 'available', '["King Bed", "AC", "Free WiFi", "TV"]'::jsonb, 15),
('room-hotel-009-002', 'hotel-009', 'Hotel hotel-009', '201', 'Luxury Suite', 2, 12000, 1, 'available', '["King Bed", "Jacuzzi", "AC", "Free WiFi", "Minibar"]'::jsonb, 5),
('room-hotel-010-001', 'hotel-010', 'Hotel hotel-010', '101', 'Deluxe Room', 2, 8000, 1, 'available', '["King Bed", "AC", "Free WiFi", "TV"]'::jsonb, 15),
('room-hotel-010-002', 'hotel-010', 'Hotel hotel-010', '201', 'Luxury Suite', 2, 12000, 1, 'available', '["King Bed", "Jacuzzi", "AC", "Free WiFi", "Minibar"]'::jsonb, 5),
('room-hotel-011-001', 'hotel-011', 'Hotel hotel-011', '101', 'Deluxe Room', 2, 8000, 1, 'available', '["King Bed", "AC", "Free WiFi", "TV"]'::jsonb, 15),
('room-hotel-011-002', 'hotel-011', 'Hotel hotel-011', '201', 'Luxury Suite', 2, 12000, 1, 'available', '["King Bed", "Jacuzzi", "AC", "Free WiFi", "Minibar"]'::jsonb, 5),
('room-hotel-012-001', 'hotel-012', 'Hotel hotel-012', '101', 'Deluxe Room', 2, 8000, 1, 'available', '["King Bed", "AC", "Free WiFi", "TV"]'::jsonb, 15),
('room-hotel-012-002', 'hotel-012', 'Hotel hotel-012', '201', 'Luxury Suite', 2, 12000, 1, 'available', '["King Bed", "Jacuzzi", "AC", "Free WiFi", "Minibar"]'::jsonb, 5),
('room-hotel-013-001', 'hotel-013', 'Hotel hotel-013', '101', 'Deluxe Room', 2, 8000, 1, 'available', '["King Bed", "AC", "Free WiFi", "TV"]'::jsonb, 15),
('room-hotel-013-002', 'hotel-013', 'Hotel hotel-013', '201', 'Luxury Suite', 2, 12000, 1, 'available', '["King Bed", "Jacuzzi", "AC", "Free WiFi", "Minibar"]'::jsonb, 5),
('room-hotel-014-001', 'hotel-014', 'Hotel hotel-014', '101', 'Deluxe Room', 2, 8000, 1, 'available', '["King Bed", "AC", "Free WiFi", "TV"]'::jsonb, 15),
('room-hotel-014-002', 'hotel-014', 'Hotel hotel-014', '201', 'Luxury Suite', 2, 12000, 1, 'available', '["King Bed", "Jacuzzi", "AC", "Free WiFi", "Minibar"]'::jsonb, 5),
('room-hotel-015-001', 'hotel-015', 'Hotel hotel-015', '101', 'Deluxe Room', 2, 8000, 1, 'available', '["King Bed", "AC", "Free WiFi", "TV"]'::jsonb, 15),
('room-hotel-015-002', 'hotel-015', 'Hotel hotel-015', '201', 'Luxury Suite', 2, 12000, 1, 'available', '["King Bed", "Jacuzzi", "AC", "Free WiFi", "Minibar"]'::jsonb, 5),
('room-hotel-016-001', 'hotel-016', 'Hotel hotel-016', '101', 'Deluxe Room', 2, 8000, 1, 'available', '["King Bed", "AC", "Free WiFi", "TV"]'::jsonb, 15),
('room-hotel-016-002', 'hotel-016', 'Hotel hotel-016', '201', 'Luxury Suite', 2, 12000, 1, 'available', '["King Bed", "Jacuzzi", "AC", "Free WiFi", "Minibar"]'::jsonb, 5),
('room-hotel-017-001', 'hotel-017', 'Hotel hotel-017', '101', 'Deluxe Room', 2, 8000, 1, 'available', '["King Bed", "AC", "Free WiFi", "TV"]'::jsonb, 15),
('room-hotel-017-002', 'hotel-017', 'Hotel hotel-017', '201', 'Luxury Suite', 2, 12000, 1, 'available', '["King Bed", "Jacuzzi", "AC", "Free WiFi", "Minibar"]'::jsonb, 5),
('room-hotel-018-001', 'hotel-018', 'Hotel hotel-018', '101', 'Deluxe Room', 2, 8000, 1, 'available', '["King Bed", "AC", "Free WiFi", "TV"]'::jsonb, 15),
('room-hotel-018-002', 'hotel-018', 'Hotel hotel-018', '201', 'Luxury Suite', 2, 12000, 1, 'available', '["King Bed", "Jacuzzi", "AC", "Free WiFi", "Minibar"]'::jsonb, 5),
('room-hotel-019-001', 'hotel-019', 'Hotel hotel-019', '101', 'Deluxe Room', 2, 8000, 1, 'available', '["King Bed", "AC", "Free WiFi", "TV"]'::jsonb, 15),
('room-hotel-019-002', 'hotel-019', 'Hotel hotel-019', '201', 'Luxury Suite', 2, 12000, 1, 'available', '["King Bed", "Jacuzzi", "AC", "Free WiFi", "Minibar"]'::jsonb, 5),
('room-hotel-020-001', 'hotel-020', 'Hotel hotel-020', '101', 'Deluxe Room', 2, 8000, 1, 'available', '["King Bed", "AC", "Free WiFi", "TV"]'::jsonb, 15),
('room-hotel-020-002', 'hotel-020', 'Hotel hotel-020', '201', 'Luxury Suite', 2, 12000, 1, 'available', '["King Bed", "Jacuzzi", "AC", "Free WiFi", "Minibar"]'::jsonb, 5),
('room-hotel-grand-hyatt-kochi-001', 'hotel-grand-hyatt-kochi', 'Hotel hotel-grand-hyatt-kochi', '101', 'Deluxe Room', 2, 12000, 1, 'available', '["King Bed", "AC", "Free WiFi", "TV"]'::jsonb, 15),
('room-hotel-grand-hyatt-kochi-002', 'hotel-grand-hyatt-kochi', 'Hotel hotel-grand-hyatt-kochi', '201', 'Luxury Suite', 2, 18000, 1, 'available', '["King Bed", "Jacuzzi", "AC", "Free WiFi", "Minibar"]'::jsonb, 5),
('room-hotel-crowne-plaza-kochi-001', 'hotel-crowne-plaza-kochi', 'Hotel hotel-crowne-plaza-kochi', '101', 'Deluxe Room', 2, 12000, 1, 'available', '["King Bed", "AC", "Free WiFi", "TV"]'::jsonb, 15),
('room-hotel-crowne-plaza-kochi-002', 'hotel-crowne-plaza-kochi', 'Hotel hotel-crowne-plaza-kochi', '201', 'Luxury Suite', 2, 18000, 1, 'available', '["King Bed", "Jacuzzi", "AC", "Free WiFi", "Minibar"]'::jsonb, 5),
('room-hotel-taj-malabar-cochin-001', 'hotel-taj-malabar-cochin', 'Hotel hotel-taj-malabar-cochin', '101', 'Deluxe Room', 2, 12000, 1, 'available', '["King Bed", "AC", "Free WiFi", "TV"]'::jsonb, 15),
('room-hotel-taj-malabar-cochin-002', 'hotel-taj-malabar-cochin', 'Hotel hotel-taj-malabar-cochin', '201', 'Luxury Suite', 2, 18000, 1, 'available', '["King Bed", "Jacuzzi", "AC", "Free WiFi", "Minibar"]'::jsonb, 5),
('room-hotel-postcard-mandalay-hall-001', 'hotel-postcard-mandalay-hall', 'Hotel hotel-postcard-mandalay-hall', '101', 'Deluxe Room', 2, 12000, 1, 'available', '["King Bed", "AC", "Free WiFi", "TV"]'::jsonb, 15),
('room-hotel-postcard-mandalay-hall-002', 'hotel-postcard-mandalay-hall', 'Hotel hotel-postcard-mandalay-hall', '201', 'Luxury Suite', 2, 18000, 1, 'available', '["King Bed", "Jacuzzi", "AC", "Free WiFi", "Minibar"]'::jsonb, 5),
('room-hotel-gokulam-grand-kumarakom-001', 'hotel-gokulam-grand-kumarakom', 'Hotel hotel-gokulam-grand-kumarakom', '101', 'Deluxe Room', 2, 12000, 1, 'available', '["King Bed", "AC", "Free WiFi", "TV"]'::jsonb, 15),
('room-hotel-gokulam-grand-kumarakom-002', 'hotel-gokulam-grand-kumarakom', 'Hotel hotel-gokulam-grand-kumarakom', '201', 'Luxury Suite', 2, 18000, 1, 'available', '["King Bed", "Jacuzzi", "AC", "Free WiFi", "Minibar"]'::jsonb, 5),
('room-hotel-niraamaya-backwaters-kumarakom-001', 'hotel-niraamaya-backwaters-kumarakom', 'Hotel hotel-niraamaya-backwaters-kumarakom', '101', 'Deluxe Room', 2, 12000, 1, 'available', '["King Bed", "AC", "Free WiFi", "TV"]'::jsonb, 15),
('room-hotel-niraamaya-backwaters-kumarakom-002', 'hotel-niraamaya-backwaters-kumarakom', 'Hotel hotel-niraamaya-backwaters-kumarakom', '201', 'Luxury Suite', 2, 18000, 1, 'available', '["King Bed", "Jacuzzi", "AC", "Free WiFi", "Minibar"]'::jsonb, 5),
('room-hotel-rhythm-kumarakom-001', 'hotel-rhythm-kumarakom', 'Hotel hotel-rhythm-kumarakom', '101', 'Deluxe Room', 2, 12000, 1, 'available', '["King Bed", "AC", "Free WiFi", "TV"]'::jsonb, 15),
('room-hotel-rhythm-kumarakom-002', 'hotel-rhythm-kumarakom', 'Hotel hotel-rhythm-kumarakom', '201', 'Luxury Suite', 2, 18000, 1, 'available', '["King Bed", "Jacuzzi", "AC", "Free WiFi", "Minibar"]'::jsonb, 5),
('room-hotel-taj-kumarakom-001', 'hotel-taj-kumarakom', 'Hotel hotel-taj-kumarakom', '101', 'Deluxe Room', 2, 12000, 1, 'available', '["King Bed", "AC", "Free WiFi", "TV"]'::jsonb, 15),
('room-hotel-taj-kumarakom-002', 'hotel-taj-kumarakom', 'Hotel hotel-taj-kumarakom', '201', 'Luxury Suite', 2, 18000, 1, 'available', '["King Bed", "Jacuzzi", "AC", "Free WiFi", "Minibar"]'::jsonb, 5),
('room-hotel-uday-backwater-alappuzha-001', 'hotel-uday-backwater-alappuzha', 'Hotel hotel-uday-backwater-alappuzha', '101', 'Deluxe Room', 2, 12000, 1, 'available', '["King Bed", "AC", "Free WiFi", "TV"]'::jsonb, 15),
('room-hotel-uday-backwater-alappuzha-002', 'hotel-uday-backwater-alappuzha', 'Hotel hotel-uday-backwater-alappuzha', '201', 'Luxury Suite', 2, 18000, 1, 'available', '["King Bed", "Jacuzzi", "AC", "Free WiFi", "Minibar"]'::jsonb, 5),
('room-hotel-coconut-lagoon-001', 'hotel-coconut-lagoon', 'Hotel hotel-coconut-lagoon', '101', 'Deluxe Room', 2, 12000, 1, 'available', '["King Bed", "AC", "Free WiFi", "TV"]'::jsonb, 15),
('room-hotel-coconut-lagoon-002', 'hotel-coconut-lagoon', 'Hotel hotel-coconut-lagoon', '201', 'Luxury Suite', 2, 18000, 1, 'available', '["King Bed", "Jacuzzi", "AC", "Free WiFi", "Minibar"]'::jsonb, 5),
('room-hotel-fragrant-nature-munnar-001', 'hotel-fragrant-nature-munnar', 'Hotel hotel-fragrant-nature-munnar', '101', 'Deluxe Room', 2, 12000, 1, 'available', '["King Bed", "AC", "Free WiFi", "TV"]'::jsonb, 15),
('room-hotel-fragrant-nature-munnar-002', 'hotel-fragrant-nature-munnar', 'Hotel hotel-fragrant-nature-munnar', '201', 'Luxury Suite', 2, 18000, 1, 'available', '["King Bed", "Jacuzzi", "AC", "Free WiFi", "Minibar"]'::jsonb, 5),
('room-hotel-brunton-boatyard-001', 'hotel-brunton-boatyard', 'Hotel hotel-brunton-boatyard', '101', 'Deluxe Room', 2, 12000, 1, 'available', '["King Bed", "AC", "Free WiFi", "TV"]'::jsonb, 15),
('room-hotel-brunton-boatyard-002', 'hotel-brunton-boatyard', 'Hotel hotel-brunton-boatyard', '201', 'Luxury Suite', 2, 18000, 1, 'available', '["King Bed", "Jacuzzi", "AC", "Free WiFi", "Minibar"]'::jsonb, 5),
('room-hotel-elixir-hills-001', 'hotel-elixir-hills', 'Hotel hotel-elixir-hills', '101', 'Deluxe Room', 2, 12000, 1, 'available', '["King Bed", "AC", "Free WiFi", "TV"]'::jsonb, 15),
('room-hotel-elixir-hills-002', 'hotel-elixir-hills', 'Hotel hotel-elixir-hills', '201', 'Luxury Suite', 2, 18000, 1, 'available', '["King Bed", "Jacuzzi", "AC", "Free WiFi", "Minibar"]'::jsonb, 5),
('room-hotel-niraamaya-kovalam-001', 'hotel-niraamaya-kovalam', 'Hotel hotel-niraamaya-kovalam', '101', 'Deluxe Room', 2, 12000, 1, 'available', '["King Bed", "AC", "Free WiFi", "TV"]'::jsonb, 15),
('room-hotel-niraamaya-kovalam-002', 'hotel-niraamaya-kovalam', 'Hotel hotel-niraamaya-kovalam', '201', 'Luxury Suite', 2, 18000, 1, 'available', '["King Bed", "Jacuzzi", "AC", "Free WiFi", "Minibar"]'::jsonb, 5)
ON CONFLICT (id) DO NOTHING;

INSERT INTO reviews (review_id, hotel_id, hotel_name, user_id, user_name, user_photo, rating, comment, status) VALUES
('rev-hotel-001-001', 'hotel-001', 'Hotel hotel-001', 'u100', 'Adarsh Nair', 'https://i.pravatar.cc/60?img=12', 5, 'Absolutely magical stay! Highly recommended.', 'approved'),
('rev-hotel-001-002', 'hotel-001', 'Hotel hotel-001', 'u101', 'Elizabeth Smith', 'https://i.pravatar.cc/60?img=36', 4, 'Wonderful hospitality and regional food.', 'approved'),
('rev-hotel-002-001', 'hotel-002', 'Hotel hotel-002', 'u100', 'Adarsh Nair', 'https://i.pravatar.cc/60?img=12', 5, 'Absolutely magical stay! Highly recommended.', 'approved'),
('rev-hotel-002-002', 'hotel-002', 'Hotel hotel-002', 'u101', 'Elizabeth Smith', 'https://i.pravatar.cc/60?img=36', 4, 'Wonderful hospitality and regional food.', 'approved'),
('rev-hotel-003-001', 'hotel-003', 'Hotel hotel-003', 'u100', 'Adarsh Nair', 'https://i.pravatar.cc/60?img=12', 5, 'Absolutely magical stay! Highly recommended.', 'approved'),
('rev-hotel-003-002', 'hotel-003', 'Hotel hotel-003', 'u101', 'Elizabeth Smith', 'https://i.pravatar.cc/60?img=36', 4, 'Wonderful hospitality and regional food.', 'approved'),
('rev-hotel-004-001', 'hotel-004', 'Hotel hotel-004', 'u100', 'Adarsh Nair', 'https://i.pravatar.cc/60?img=12', 5, 'Absolutely magical stay! Highly recommended.', 'approved'),
('rev-hotel-004-002', 'hotel-004', 'Hotel hotel-004', 'u101', 'Elizabeth Smith', 'https://i.pravatar.cc/60?img=36', 4, 'Wonderful hospitality and regional food.', 'approved'),
('rev-hotel-005-001', 'hotel-005', 'Hotel hotel-005', 'u100', 'Adarsh Nair', 'https://i.pravatar.cc/60?img=12', 5, 'Absolutely magical stay! Highly recommended.', 'approved'),
('rev-hotel-005-002', 'hotel-005', 'Hotel hotel-005', 'u101', 'Elizabeth Smith', 'https://i.pravatar.cc/60?img=36', 4, 'Wonderful hospitality and regional food.', 'approved'),
('rev-hotel-006-001', 'hotel-006', 'Hotel hotel-006', 'u100', 'Adarsh Nair', 'https://i.pravatar.cc/60?img=12', 5, 'Absolutely magical stay! Highly recommended.', 'approved'),
('rev-hotel-006-002', 'hotel-006', 'Hotel hotel-006', 'u101', 'Elizabeth Smith', 'https://i.pravatar.cc/60?img=36', 4, 'Wonderful hospitality and regional food.', 'approved'),
('rev-hotel-007-001', 'hotel-007', 'Hotel hotel-007', 'u100', 'Adarsh Nair', 'https://i.pravatar.cc/60?img=12', 5, 'Absolutely magical stay! Highly recommended.', 'approved'),
('rev-hotel-007-002', 'hotel-007', 'Hotel hotel-007', 'u101', 'Elizabeth Smith', 'https://i.pravatar.cc/60?img=36', 4, 'Wonderful hospitality and regional food.', 'approved'),
('rev-hotel-008-001', 'hotel-008', 'Hotel hotel-008', 'u100', 'Adarsh Nair', 'https://i.pravatar.cc/60?img=12', 5, 'Absolutely magical stay! Highly recommended.', 'approved'),
('rev-hotel-008-002', 'hotel-008', 'Hotel hotel-008', 'u101', 'Elizabeth Smith', 'https://i.pravatar.cc/60?img=36', 4, 'Wonderful hospitality and regional food.', 'approved'),
('rev-hotel-009-001', 'hotel-009', 'Hotel hotel-009', 'u100', 'Adarsh Nair', 'https://i.pravatar.cc/60?img=12', 5, 'Absolutely magical stay! Highly recommended.', 'approved'),
('rev-hotel-009-002', 'hotel-009', 'Hotel hotel-009', 'u101', 'Elizabeth Smith', 'https://i.pravatar.cc/60?img=36', 4, 'Wonderful hospitality and regional food.', 'approved'),
('rev-hotel-010-001', 'hotel-010', 'Hotel hotel-010', 'u100', 'Adarsh Nair', 'https://i.pravatar.cc/60?img=12', 5, 'Absolutely magical stay! Highly recommended.', 'approved'),
('rev-hotel-010-002', 'hotel-010', 'Hotel hotel-010', 'u101', 'Elizabeth Smith', 'https://i.pravatar.cc/60?img=36', 4, 'Wonderful hospitality and regional food.', 'approved'),
('rev-hotel-011-001', 'hotel-011', 'Hotel hotel-011', 'u100', 'Adarsh Nair', 'https://i.pravatar.cc/60?img=12', 5, 'Absolutely magical stay! Highly recommended.', 'approved'),
('rev-hotel-011-002', 'hotel-011', 'Hotel hotel-011', 'u101', 'Elizabeth Smith', 'https://i.pravatar.cc/60?img=36', 4, 'Wonderful hospitality and regional food.', 'approved'),
('rev-hotel-012-001', 'hotel-012', 'Hotel hotel-012', 'u100', 'Adarsh Nair', 'https://i.pravatar.cc/60?img=12', 5, 'Absolutely magical stay! Highly recommended.', 'approved'),
('rev-hotel-012-002', 'hotel-012', 'Hotel hotel-012', 'u101', 'Elizabeth Smith', 'https://i.pravatar.cc/60?img=36', 4, 'Wonderful hospitality and regional food.', 'approved'),
('rev-hotel-013-001', 'hotel-013', 'Hotel hotel-013', 'u100', 'Adarsh Nair', 'https://i.pravatar.cc/60?img=12', 5, 'Absolutely magical stay! Highly recommended.', 'approved'),
('rev-hotel-013-002', 'hotel-013', 'Hotel hotel-013', 'u101', 'Elizabeth Smith', 'https://i.pravatar.cc/60?img=36', 4, 'Wonderful hospitality and regional food.', 'approved'),
('rev-hotel-014-001', 'hotel-014', 'Hotel hotel-014', 'u100', 'Adarsh Nair', 'https://i.pravatar.cc/60?img=12', 5, 'Absolutely magical stay! Highly recommended.', 'approved'),
('rev-hotel-014-002', 'hotel-014', 'Hotel hotel-014', 'u101', 'Elizabeth Smith', 'https://i.pravatar.cc/60?img=36', 4, 'Wonderful hospitality and regional food.', 'approved'),
('rev-hotel-015-001', 'hotel-015', 'Hotel hotel-015', 'u100', 'Adarsh Nair', 'https://i.pravatar.cc/60?img=12', 5, 'Absolutely magical stay! Highly recommended.', 'approved'),
('rev-hotel-015-002', 'hotel-015', 'Hotel hotel-015', 'u101', 'Elizabeth Smith', 'https://i.pravatar.cc/60?img=36', 4, 'Wonderful hospitality and regional food.', 'approved'),
('rev-hotel-016-001', 'hotel-016', 'Hotel hotel-016', 'u100', 'Adarsh Nair', 'https://i.pravatar.cc/60?img=12', 5, 'Absolutely magical stay! Highly recommended.', 'approved'),
('rev-hotel-016-002', 'hotel-016', 'Hotel hotel-016', 'u101', 'Elizabeth Smith', 'https://i.pravatar.cc/60?img=36', 4, 'Wonderful hospitality and regional food.', 'approved'),
('rev-hotel-017-001', 'hotel-017', 'Hotel hotel-017', 'u100', 'Adarsh Nair', 'https://i.pravatar.cc/60?img=12', 5, 'Absolutely magical stay! Highly recommended.', 'approved'),
('rev-hotel-017-002', 'hotel-017', 'Hotel hotel-017', 'u101', 'Elizabeth Smith', 'https://i.pravatar.cc/60?img=36', 4, 'Wonderful hospitality and regional food.', 'approved'),
('rev-hotel-018-001', 'hotel-018', 'Hotel hotel-018', 'u100', 'Adarsh Nair', 'https://i.pravatar.cc/60?img=12', 5, 'Absolutely magical stay! Highly recommended.', 'approved'),
('rev-hotel-018-002', 'hotel-018', 'Hotel hotel-018', 'u101', 'Elizabeth Smith', 'https://i.pravatar.cc/60?img=36', 4, 'Wonderful hospitality and regional food.', 'approved'),
('rev-hotel-019-001', 'hotel-019', 'Hotel hotel-019', 'u100', 'Adarsh Nair', 'https://i.pravatar.cc/60?img=12', 5, 'Absolutely magical stay! Highly recommended.', 'approved'),
('rev-hotel-019-002', 'hotel-019', 'Hotel hotel-019', 'u101', 'Elizabeth Smith', 'https://i.pravatar.cc/60?img=36', 4, 'Wonderful hospitality and regional food.', 'approved'),
('rev-hotel-020-001', 'hotel-020', 'Hotel hotel-020', 'u100', 'Adarsh Nair', 'https://i.pravatar.cc/60?img=12', 5, 'Absolutely magical stay! Highly recommended.', 'approved'),
('rev-hotel-020-002', 'hotel-020', 'Hotel hotel-020', 'u101', 'Elizabeth Smith', 'https://i.pravatar.cc/60?img=36', 4, 'Wonderful hospitality and regional food.', 'approved'),
('rev-hotel-grand-hyatt-kochi-001', 'hotel-grand-hyatt-kochi', 'Hotel hotel-grand-hyatt-kochi', 'u100', 'Adarsh Nair', 'https://i.pravatar.cc/60?img=12', 5, 'Absolutely magical stay! Highly recommended.', 'approved'),
('rev-hotel-grand-hyatt-kochi-002', 'hotel-grand-hyatt-kochi', 'Hotel hotel-grand-hyatt-kochi', 'u101', 'Elizabeth Smith', 'https://i.pravatar.cc/60?img=36', 4, 'Wonderful hospitality and regional food.', 'approved'),
('rev-hotel-crowne-plaza-kochi-001', 'hotel-crowne-plaza-kochi', 'Hotel hotel-crowne-plaza-kochi', 'u100', 'Adarsh Nair', 'https://i.pravatar.cc/60?img=12', 5, 'Absolutely magical stay! Highly recommended.', 'approved'),
('rev-hotel-crowne-plaza-kochi-002', 'hotel-crowne-plaza-kochi', 'Hotel hotel-crowne-plaza-kochi', 'u101', 'Elizabeth Smith', 'https://i.pravatar.cc/60?img=36', 4, 'Wonderful hospitality and regional food.', 'approved'),
('rev-hotel-taj-malabar-cochin-001', 'hotel-taj-malabar-cochin', 'Hotel hotel-taj-malabar-cochin', 'u100', 'Adarsh Nair', 'https://i.pravatar.cc/60?img=12', 5, 'Absolutely magical stay! Highly recommended.', 'approved'),
('rev-hotel-taj-malabar-cochin-002', 'hotel-taj-malabar-cochin', 'Hotel hotel-taj-malabar-cochin', 'u101', 'Elizabeth Smith', 'https://i.pravatar.cc/60?img=36', 4, 'Wonderful hospitality and regional food.', 'approved'),
('rev-hotel-postcard-mandalay-hall-001', 'hotel-postcard-mandalay-hall', 'Hotel hotel-postcard-mandalay-hall', 'u100', 'Adarsh Nair', 'https://i.pravatar.cc/60?img=12', 5, 'Absolutely magical stay! Highly recommended.', 'approved'),
('rev-hotel-postcard-mandalay-hall-002', 'hotel-postcard-mandalay-hall', 'Hotel hotel-postcard-mandalay-hall', 'u101', 'Elizabeth Smith', 'https://i.pravatar.cc/60?img=36', 4, 'Wonderful hospitality and regional food.', 'approved'),
('rev-hotel-gokulam-grand-kumarakom-001', 'hotel-gokulam-grand-kumarakom', 'Hotel hotel-gokulam-grand-kumarakom', 'u100', 'Adarsh Nair', 'https://i.pravatar.cc/60?img=12', 5, 'Absolutely magical stay! Highly recommended.', 'approved'),
('rev-hotel-gokulam-grand-kumarakom-002', 'hotel-gokulam-grand-kumarakom', 'Hotel hotel-gokulam-grand-kumarakom', 'u101', 'Elizabeth Smith', 'https://i.pravatar.cc/60?img=36', 4, 'Wonderful hospitality and regional food.', 'approved'),
('rev-hotel-niraamaya-backwaters-kumarakom-001', 'hotel-niraamaya-backwaters-kumarakom', 'Hotel hotel-niraamaya-backwaters-kumarakom', 'u100', 'Adarsh Nair', 'https://i.pravatar.cc/60?img=12', 5, 'Absolutely magical stay! Highly recommended.', 'approved'),
('rev-hotel-niraamaya-backwaters-kumarakom-002', 'hotel-niraamaya-backwaters-kumarakom', 'Hotel hotel-niraamaya-backwaters-kumarakom', 'u101', 'Elizabeth Smith', 'https://i.pravatar.cc/60?img=36', 4, 'Wonderful hospitality and regional food.', 'approved'),
('rev-hotel-rhythm-kumarakom-001', 'hotel-rhythm-kumarakom', 'Hotel hotel-rhythm-kumarakom', 'u100', 'Adarsh Nair', 'https://i.pravatar.cc/60?img=12', 5, 'Absolutely magical stay! Highly recommended.', 'approved'),
('rev-hotel-rhythm-kumarakom-002', 'hotel-rhythm-kumarakom', 'Hotel hotel-rhythm-kumarakom', 'u101', 'Elizabeth Smith', 'https://i.pravatar.cc/60?img=36', 4, 'Wonderful hospitality and regional food.', 'approved'),
('rev-hotel-taj-kumarakom-001', 'hotel-taj-kumarakom', 'Hotel hotel-taj-kumarakom', 'u100', 'Adarsh Nair', 'https://i.pravatar.cc/60?img=12', 5, 'Absolutely magical stay! Highly recommended.', 'approved'),
('rev-hotel-taj-kumarakom-002', 'hotel-taj-kumarakom', 'Hotel hotel-taj-kumarakom', 'u101', 'Elizabeth Smith', 'https://i.pravatar.cc/60?img=36', 4, 'Wonderful hospitality and regional food.', 'approved'),
('rev-hotel-uday-backwater-alappuzha-001', 'hotel-uday-backwater-alappuzha', 'Hotel hotel-uday-backwater-alappuzha', 'u100', 'Adarsh Nair', 'https://i.pravatar.cc/60?img=12', 5, 'Absolutely magical stay! Highly recommended.', 'approved'),
('rev-hotel-uday-backwater-alappuzha-002', 'hotel-uday-backwater-alappuzha', 'Hotel hotel-uday-backwater-alappuzha', 'u101', 'Elizabeth Smith', 'https://i.pravatar.cc/60?img=36', 4, 'Wonderful hospitality and regional food.', 'approved'),
('rev-hotel-coconut-lagoon-001', 'hotel-coconut-lagoon', 'Hotel hotel-coconut-lagoon', 'u100', 'Adarsh Nair', 'https://i.pravatar.cc/60?img=12', 5, 'Absolutely magical stay! Highly recommended.', 'approved'),
('rev-hotel-coconut-lagoon-002', 'hotel-coconut-lagoon', 'Hotel hotel-coconut-lagoon', 'u101', 'Elizabeth Smith', 'https://i.pravatar.cc/60?img=36', 4, 'Wonderful hospitality and regional food.', 'approved'),
('rev-hotel-fragrant-nature-munnar-001', 'hotel-fragrant-nature-munnar', 'Hotel hotel-fragrant-nature-munnar', 'u100', 'Adarsh Nair', 'https://i.pravatar.cc/60?img=12', 5, 'Absolutely magical stay! Highly recommended.', 'approved'),
('rev-hotel-fragrant-nature-munnar-002', 'hotel-fragrant-nature-munnar', 'Hotel hotel-fragrant-nature-munnar', 'u101', 'Elizabeth Smith', 'https://i.pravatar.cc/60?img=36', 4, 'Wonderful hospitality and regional food.', 'approved'),
('rev-hotel-brunton-boatyard-001', 'hotel-brunton-boatyard', 'Hotel hotel-brunton-boatyard', 'u100', 'Adarsh Nair', 'https://i.pravatar.cc/60?img=12', 5, 'Absolutely magical stay! Highly recommended.', 'approved'),
('rev-hotel-brunton-boatyard-002', 'hotel-brunton-boatyard', 'Hotel hotel-brunton-boatyard', 'u101', 'Elizabeth Smith', 'https://i.pravatar.cc/60?img=36', 4, 'Wonderful hospitality and regional food.', 'approved'),
('rev-hotel-elixir-hills-001', 'hotel-elixir-hills', 'Hotel hotel-elixir-hills', 'u100', 'Adarsh Nair', 'https://i.pravatar.cc/60?img=12', 5, 'Absolutely magical stay! Highly recommended.', 'approved'),
('rev-hotel-elixir-hills-002', 'hotel-elixir-hills', 'Hotel hotel-elixir-hills', 'u101', 'Elizabeth Smith', 'https://i.pravatar.cc/60?img=36', 4, 'Wonderful hospitality and regional food.', 'approved'),
('rev-hotel-niraamaya-kovalam-001', 'hotel-niraamaya-kovalam', 'Hotel hotel-niraamaya-kovalam', 'u100', 'Adarsh Nair', 'https://i.pravatar.cc/60?img=12', 5, 'Absolutely magical stay! Highly recommended.', 'approved'),
('rev-hotel-niraamaya-kovalam-002', 'hotel-niraamaya-kovalam', 'Hotel hotel-niraamaya-kovalam', 'u101', 'Elizabeth Smith', 'https://i.pravatar.cc/60?img=36', 4, 'Wonderful hospitality and regional food.', 'approved')
ON CONFLICT (review_id) DO NOTHING;
